{
    "material": "BaZrO3",
    "energy (eV)": -41.73261526,
    "forces (eV/\u00c5)": [
        [
            -0.0,
            -0.0,
            -0.0
        ],
        [
            0.0,
            0.0,
            -0.0
        ],
        [
            0.0,
            -0.0,
            -0.0
        ],
        [
            -0.0,
            -0.0,
            0.0
        ],
        [
            -0.0,
            0.0,
            0.0
        ]
    ],
    "stress (GPa)": [
        -0.0006065654606261497,
        -0.0006065654606261497,
        -0.0006065654606261497,
        -0.0,
        0.0,
        0.0
    ]
}